Player,DKP Player Average,DKS Player Average,DKP/DKS Player Average,PlayOff 
"Abdullah, Ameer",0.49,3030,0.000161716,2
"Adams, Davante",22.97333333,7853.333333,0.002925297,2
"Adams, Josh",6.376923077,3484.615385,0.001830022,1
"Agholor, Nelson",10.525,4675,0.002251337,1
"Aiken, Kamar",2.26,2500,0.000904,1
"Ajayi, Jay",11.1,5600,0.001982143,1
"Akins, Jordan",2.46875,2518.75,0.000980149,1
"Alie-Cox, Mo",3.588888889,1666.666667,0.002153333,1
"Allen, Brandon",0,4000,0,1
"Allen, Dwayne",0.438461538,2630.769231,0.000166667,1
"Allen, Javorius",6.757142857,3992.857143,0.001692308,1
"Allen, Josh",19.005,5075,0.003744828,2
"Allen, Keenan",16.88125,7475,0.002258361,1
"Allen, Kyle",13.27,2000,0.006635,2
"Allison, Geronimo",12.46,4380,0.002844749,2
"Amendola, Danny",8.494666667,4106.666667,0.002068506,2
"Anderson, C.J.",7.34,3500,0.002097143,1
"Anderson, Derek",6.25,4350,0.001436782,2
"Anderson, Robby",11.74285714,4414.285714,0.002660194,2
"Andrews, Mark",6.7,2693.75,0.002487239,1
Arizona,6.5625,2393.75,0.002741514,2
"Armah, Alex",0.9375,3000,0.0003125,2
"Arnold, Dan",3.666666667,2500,0.001466667,1
"Artis-Payne, Cameron",1.933333333,3000,0.000644444,2
"Ateman, Marcell",5.2,3371.428571,0.001542373,2
Atlanta,5.0625,2350,0.002154255,2
"Auclair, Antony",0.7375,2500,0.000295,2
"Austin, Tavon",5.642857143,3428.571429,0.001645833,1
"Baldwin, Doug",11.13846154,5400,0.002062678,1
"Ballage, Kalen",3.475,3258.333333,0.001066496,2
Baltimore,8.25,2806.25,0.002939866,1
"Barber, Peyton",9.64375,3693.75,0.002610829,2
"Barkley, Matt",17.08,4000,0.00427,2
"Barkley, Saquon",25.425,8231.25,0.003088838,2
"Barner, Kenjon",0.933333333,2500,0.000373333,1
"Batson, Cameron",1.811111111,3000,0.000603704,2
"Beasley, Cole",9.575,3887.5,0.002463023,1
"Beathard, C.J.",14.66333333,4766.666667,0.003076224,2
"Beckham Jr., Odell",20.52833333,8075,0.002542208,2
"Beebe, Chad",2.633333333,2033.333333,0.001295082,2
"Bell, Blake",1.633333333,2500,0.000653333,2
"Bellamy, Josh",2.10625,3031.25,0.000694845,1
"Bellore, Nick",0.458333333,3000,0.000152778,2
"Benjamin, Kelvin",4.6,3666.666667,0.001254545,1
"Benjamin, Travis",3.391666667,3275,0.001035623,1
"Bernard, Giovani",7.991666667,4408.333333,0.001812854,2
"Bibbs, Kapri",5.618181818,3027.272727,0.001855856,2
"Blount, LeGarrette",5.46875,3706.25,0.001475548,2
"Blue, Alfred",6.08125,3787.5,0.001605611,1
"Bohanon, Tommy",0.63125,3012.5,0.000209544,2
"Bolden, Brandon",1.9,3043.75,0.00062423,2
"Bolden, Victor",0.4,3000,0.000133333,2
"Booker, Devontae",5.55,3631.25,0.001528399,2
"Boone, Mike",0.85,3000,0.000283333,2
"Bortles, Blake",15.40461538,5123.076923,0.003006907,2
"Bourne, Kendrick",7.16875,3387.5,0.002116236,2
"Boyd, Tyler",16.43571429,5578.571429,0.002946223,2
"Boyle, Nick",2.76875,2518.75,0.001099256,1
"Bradford, Sam",6.233333333,4833.333333,0.001289655,2
"Brady, Tom",19.33125,6325,0.003056324,1
"Brate, Cameron",5.86875,3162.5,0.001855731,2
"Braunecker, Ben",0.48,2500,0.000192,1
"Brees, Drew",21.932,6406.666667,0.003423309,1
"Breida, Matt",12.32142857,5192.857143,0.002372765,2
"Bridgewater, Teddy",1.644,4660,0.00035279,1
"Brissett, Jacoby",-0.155,4475,-3.46369E-05,1
"Brown, Antonio",22.58,8560,0.00263785,2
"Brown, Daniel",0,2500,0,1
"Brown, Jaron",3.7875,3218.75,0.001176699,1
"Brown, John",9.36875,4968.75,0.001885535,1
"Brown, Malcolm",3.283333333,4066.666667,0.000807377,1
"Brown, Noah",1.3,3000,0.000433333,1
"Bryant, Martavis",5.8625,3050,0.001922131,2
Buffalo,6.6875,2493.75,0.002681704,2
"Burkhead, Rex",6.3375,3700,0.001712838,1
"Burnett, Deontay",4.86,2460,0.00197561,2
"Burton, Michael",0.2,3000,6.66667E-05,1
"Burton, Trey",9.44375,4043.75,0.002335394,1
"Butler, Brice",2.571428571,3000,0.000857143,1
"Butt, Jake",5.5,2700,0.002037037,2
"Byrd, Damiere",0.225,3000,0.000075,2
"Cadet, Travaris",3.2,3000,0.001066667,2
"Callaway, Antonio",8.33125,3925,0.002122611,2
"Cannon, Trenton",3.04375,3125,0.000974,2
Carolina,5.75,2625,0.002190476,2
"Carr, Austin",2.192857143,3014.285714,0.000727488,1
"Carr, Derek",15.36,5143.75,0.002986148,2
"Carrier, Derek",1.23125,2500,0.0004925,2
"Carroo, Leonte",2.35,3000,0.000783333,2
"Carson, Chris",15.81428571,4814.285714,0.003284866,1
"Carter, DeAndre",3.330769231,3092.307692,0.001077114,1
"Cassel, Matt",1.33,4300,0.000309302,2
"Celek, Garrett",1.733333333,2520,0.000687831,2
"Chark, D.J.",3.04,3250,0.000935385,2
"Charles, Jamaal",1.7,1500,0.001133333,2
"Charles, Orson",0.407692308,2500,0.000163077,2
"Chesson, Jehu",0.13,3000,4.33333E-05,2
Chicago,11.6875,3062.5,0.003816327,1
"Chubb, Nick",12.90625,5137.5,0.002512165,2
Cincinnati,5.3125,2356.25,0.002254642,2
"Clay, Charles",2.953846154,2784.615385,0.001060773,2
"Clay, Kaelin",-0.5,3000,-0.000166667,2
"Clement, Corey",7.372727273,3681.818182,0.002002469,1
Cleveland,6.375,2456.25,0.00259542,2
"Coates, Sammie",0.183333333,3000,6.11111E-05,1
"Cobb, Randall",10.04444444,4688.888889,0.00214218,2
"Cohen, Tarik",15.165,5481.25,0.002766705,1
"Cole, Keelan",5.88125,4093.75,0.001436641,2
"Coleman, Corey",1.575,3000,0.000525,2
"Coleman, Derrick",0.25,3000,8.33333E-05,2
"Coleman, Tevin",12.475,5137.5,0.002428224,2
"Coley, Stacy",0,3000,0,2
"Collins, Alex",11.16,4970,0.002245473,1
"Conklin, Tyler",0.79375,2500,0.0003175,2
"Conley, Chris",5.8375,3443.75,0.0016951,1
"Conner, James",22.84615385,7246.153846,0.003152866,2
"Cook, Dalvin",14.27272727,6054.545455,0.002357357,2
"Cook, Jared",12.85,4706.25,0.002730412,2
"Cooks, Brandin",16.1375,6775,0.002381919,1
"Cooper, Amari",15.29333333,6153.333333,0.002485374,1
"Cooper, Pharoh",0,3000,0,1
"Core, Cody",2.642857143,3150,0.000839002,2
"Cousins, Kirk",19.695,6006.25,0.003279084,2
"Coutee, Keke",10.95,4200,0.002607143,1
"Crabtree, Michael",8.29375,4731.25,0.001752972,1
"Cracraft, River",0.628571429,3000,0.000209524,2
"Croom, Jason",3.86,2500,0.001544,2
"Cross, Alan",0.207142857,2500,8.28571E-05,2
"Crowder, Jamison",9.2,4388.888889,0.002096203,2
"Crowell, Isaiah",11.28461538,4215.384615,0.002677007,2
"Culkin, Sean",1.133333333,2500,0.000453333,1
"Cunningham, Benny",0.26,3206.666667,8.10811E-05,1
Dallas,6.125,2481.25,0.002468514,1
"Dalton, Andy",17.41272727,5745.454545,0.003030696,2
"Daniel, Chase",6.54,4500,0.001453333,1
"Daniels, Darrell",0,2500,0,1
"Darnold, Sam",14.72307692,4876.923077,0.003018927,2
"Davis, Corey",11.85,5018.75,0.002361146,2
"Davis, Geremy",0,3000,0,1
"Davis, Jawill",1.333333333,3000,0.000444444,2
"Davis, Justin",0.172727273,3000,5.75758E-05,1
"Davis, Mike",9.32,3686.666667,0.002528029,1
"Davis, Trevor",0,3000,0,2
"Davis, Vernon",5.407142857,2978.571429,0.001815348,2
"Dayes, Matthew",0,3033.333333,0,2
Denver,8.25,2618.75,0.003150358,2
"Derby, A.J.",3.45,2550,0.001352941,2
Detroit,6.25,2368.75,0.002638522,2
"DeValve, Seth",1.415384615,2546.153846,0.000555891,2
"Develin, James",2.68125,3000,0.00089375,1
"Dickson, Ed",4.52,2650,0.00170566,1
"Dieter, Gehrig",0.8,3000,0.000266667,1
"Diggs, Stefon",18.55333333,7126.666667,0.002603368,2
"DiMarco, Patrick",0.63125,3000,0.000210417,2
"Dissly, Will",9.65,3050,0.003163934,1
"Dixon, Kenneth",9.733333333,3633.333333,0.002678899,1
"Dobbs, Joshua",0.364,4440,8.1982E-05,2
"Doctson, Josh",7.28,4006.666667,0.001816972,2
"Dorsett, Phillip",5.11875,3687.5,0.001388136,1
"Doyle, Jack",10.25,4100,0.0025,1
"Drake, Kenyan",12.95,4862.5,0.002663239,2
"Driskel, Jeff",9.791111111,4488.888889,0.002181188,2
"Dwelley, Ross",0.425,2500,0.00017,2
"Ebron, Eric",14.1375,4212.5,0.003356083,1
"Edelman, Julian",17.785,6750,0.002634815,1
"Edmonds, Chase",3.94375,4118.75,0.000957511,2
"Edmunds, Trey",0,3000,0,2
"Edwards, Gus",8.981818182,3590.909091,0.002501266,1
"Eifert, Tyler",9.725,3475,0.002798561,2
"Ekeler, Austin",12.12857143,4478.571429,0.002708134,1
"Ellington, Bruce",8.514285714,3457.142857,0.00246281,1
"Elliott, Ezekiel",23.34666667,8066.666667,0.002894215,1
"Ellison, Rhett",4.3,2585.714286,0.001662983,2
"Engram, Evan",11.48181818,4336.363636,0.002647799,2
"Enunwa, Quincy",7.990909091,4454.545455,0.001793878,2
"Erickson, Alex",2.36875,3075,0.000770325,2
"Ertz, Zach",18.45625,6506.25,0.002836695,1
"Ervin, Tyler",0.722222222,3022.222222,0.000238971,1
"Evans, Mike",19.7125,7512.5,0.00262396,2
"Everett, Gerald",5.773333333,2686.666667,0.002148883,1
"Fells, Darren",2.54375,2506.25,0.001014963,2
"Firkser, Anthony",4.318181818,2181.818182,0.001979167,2
"Fitzgerald, Larry",11.7925,5106.25,0.002309425,2
"Fitzpatrick, Ryan",23.855,5512.5,0.004327438,2
"Flacco, Joe",16.67777778,5277.777778,0.00316,1
"Floyd, Michael",2.153846154,3100,0.000694789,2
"Fluellen, David",0.228571429,3000,7.61905E-05,2
"Foles, Nick",17.644,5340,0.00330412,1
"Ford, Keith",6.5,1700,0.003823529,2
"Foreman, D'Onta",10.7,3600,0.002972222,1
"Foster, Robert",8.315384615,3223.076923,0.002579952,2
"Fournette, Leonard",15.05,6787.5,0.002217311,2
"Fowler, Bennie",4.19,2770,0.001512635,2
"Franks, Jordan",0.95,2083.333333,0.000456,2
"Freeman, Devonta",7.05,6550,0.001076336,2
"Freeman, Royce",7.307142857,3885.714286,0.001880515,2
"Fuller, Will",16.47142857,6114.285714,0.002693925,1
"Funchess, Devin",8.778571429,5000,0.001755714,2
"Gabbert, Blaine",4.63,3887.5,0.001190997,2
"Gabriel, Taylor",9.93125,4268.75,0.002326501,1
"Gage, Russell",1.118181818,3000,0.000372727,2
"Gallman, Wayne",3.033333333,3746.666667,0.000809609,2
"Gallup, Michael",6.10625,3575,0.001708042,1
"Garcon, Pierre",7.325,4700,0.001558511,2
"Garoppolo, Jimmy",17.00666667,6066.666667,0.002803297,2
"Gates, Antonio",4.76875,2781.25,0.001714607,1
"Gathers, Rico",0.5,2500,0.0002,1
"Gesicki, Mike",2.575,2593.75,0.000992771,2
"Gibson, Shelton",0.386666667,3000,0.000128889,1
"Gilbert, Garrett",1.6,0,#DIV/0!,2
"Gillislee, Mike",1.3,3225,0.000403101,1
"Ginn Jr., Ted",10.7,4280,0.0025,1
"Glennon, Mike",5.48,4200,0.001304762,2
"Godwin, Chris",12.2,4412.5,0.002764873,2
"Goedert, Dallas",5.65,2625,0.002152381,1
"Goff, Jared",21.9575,6212.5,0.003534406,1
"Golladay, Kenny",14.40666667,5806.666667,0.002481056,2
"Goodwin, Marquise",8.218181818,4818.181818,0.00170566,2
"Gordon, Josh",12.05833333,5991.666667,0.002012517,1
"Gordon, Melvin",23.95833333,8166.666667,0.002933673,1
"Gore, Frank",7.542857143,3642.857143,0.002070588,2
"Graham, Jimmy",8.35,4262.5,0.001958944,2
"Grant, Corey",3.94,4020,0.0009801,2
"Grant, Jakeem",7.23,3630,0.001991736,2
"Grant, Janarion",0,3000,0,1
"Grant, Ryan",5.314285714,3507.142857,0.001515275,1
Green Bay,5.9375,2606.25,0.002278177,2
"Green, A.J.",17.37777778,7533.333333,0.002306785,2
"Green, Virgil",2.875,2550,0.001127451,1
"Greene, Rashad",1.375,2625,0.00052381,2
"Gresham, Jermaine",1.338461538,2561.538462,0.000522523,2
"Griffin III, Robert",0.28,4566.666667,6.13139E-05,1
"Griffin, Ryan",3.892857143,2592.857143,0.001501377,1
"Grimble, Xavier",0.85,2500,0.00034,2
"Grinnage, David",3.025,1875,0.001613333,2
"Gronkowski, Rob",10.63076923,6061.538462,0.001753807,1
"Gurley, Todd",27.93571429,9385.714286,0.002976408,1
"Hall, Marvin",1.93125,3006.25,0.000642412,2
"Ham, C.J.",1.353333333,3033.333333,0.000446154,2
"Hamilton, DaeSean",4.735714286,3407.142857,0.001389937,2
"Hardy, Justin",2.45625,3000,0.00081875,2
"Harris, Clark",0,2500,0,2
"Harris, Demetrius",3.093333333,2573.333333,0.001202073,1
"Harris, Dwayne",1.146666667,3033.333333,0.000378022,2
"Harris, Maurice",5.2,3433.333333,0.001514563,2
"Hatcher, Keon",0.9,1500,0.0006,2
"Heinicke, Taylor",2.816666667,4000,0.000704167,2
"Henderson, De'Angelo",0.45,3000,0.00015,2
"Henderson, Quadree",0,3000,0,2
"Henne, Chad",1.46,4800,0.000304167,1
"Henry, Derrick",13.0225,4168.75,0.003123838,2
"Herndon, Chris",7.546666667,2846.666667,0.002651054,2
"Heuerman, Jeff",6.463636364,2745.454545,0.002354305,2
"Hewitt, Ryan",0.591666667,2291.666667,0.000258182,1
"Heyward-Bey, Darrius",0.085714286,3014.285714,2.8436E-05,2
"Higbee, Tyler",4.346666667,2653.333333,0.001638191,1
"Higgins, Rashard",9.169230769,3400,0.002696833,2
"Hill, Brian",2.177777778,3100,0.000702509,2
"Hill, Jeremy",4.1,3300,0.001242424,1
"Hill, Josh",2.53125,2537.5,0.000997537,1
"Hill, Taysom",2.2225,4068.75,0.000546237,1
"Hill, Tyreek",22,7987.5,0.002754304,1
"Hilliard, Dontrell",1.85,3120,0.000592949,2
"Hilton, T.Y.",18.14285714,6014.285714,0.003016627,1
"Hines, Nyheim",10.05625,3756.25,0.002677205,1
"Hodge, KhaDarel",0.308333333,3000,0.000102778,1
"Hogan, Chris",6.6375,4300,0.001543605,1
"Hollister, Jacob",1.15,2500,0.00046,1
"Holmes, Andre",1.946666667,3093.333333,0.00062931,2
"Holmes, Gabe",0,2500,0,2
"Hooper, Austin",10.1875,3637.5,0.002800687,2
"Hopkins, DeAndre",22.28125,8050,0.002767857,1
Houston,9.25,2906.25,0.003182796,1
"Howard, Jordan",11.6875,5012.5,0.002331671,1
"Howard, O.J.",12.05,3860,0.003121762,2
"Hoyer, Brian",-0.104,4420,-2.35294E-05,1
"Humphries, Adam",11.79375,3925,0.003004777,2
"Hunt, Kareem",21.47272727,6927.272727,0.003099738,1
"Hunter, Justin",1.02,3000,0.00034,2
"Hurns, Allen",3.84375,3375,0.001138889,1
"Hurst, Hayden",2.941666667,2558.333333,0.001149837,1
"Hyde, Carlos",7.1,4150,0.001710843,2
Indianapolis,7.625,2431.25,0.003136247,1
"Ingram, Mark",12.45833333,5333.333333,0.002335938,1
"Inman, Dontrelle",9.55,3037.5,0.003144033,1
"Ivory, Chris",6.007692308,3953.846154,0.001519455,2
"Jackson, Darius",1.6,3000,0.000533333,1
"Jackson, DeSean",13.35833333,5166.666667,0.002585484,2
"Jackson, Justin",5.554545455,3627.272727,0.001531328,1
"Jackson, Lamar",10.48375,4993.75,0.002099374,1
Jacksonville,7.1875,3125,0.0023,2
"James, Jesse",5.45625,2937.5,0.001857447,2
"James, Richie",2.75,3000,0.000916667,2
"Janovich, Andy",1.60625,3000,0.000535417,2
"Jarwin, Blake",4.91875,2562.5,0.001919512,1
"Jeffery, Alshon",14.71538462,5776.923077,0.00254727,1
"Jennings, Darius",1.75875,2812.5,0.000625333,2
"Johnson, David",15.73125,6931.25,0.002269612,2
"Johnson, Duke",8.25,4087.5,0.002018349,2
"Johnson, Josh",13.4,3550,0.003774648,2
"Johnson, Kerryon",14.64,4820,0.003037344,2
"Johnson, Marcus",4.4,3000,0.001466667,1
"Jones, Aaron",14.625,5250,0.002785714,2
"Jones, Andy",4.166666667,3000,0.001388889,2
"Jones, J.J.",0.075,2250,3.33333E-05,1
"Jones, Julio",22.3625,8193.75,0.002729214,2
"Jones, Marvin",13.2,5411.111111,0.002439425,2
"Jones, Ronald",2.3,3411.111111,0.000674267,2
"Jones, T.J.",4.545454545,0,#DIV/0!,2
"Jones, Taiwan",0,3000,0,2
"Jones, Zay",10.325,3668.75,0.00281431,2
"Juszczyk, Kyle",4.3375,3212.5,0.001350195,2
"Kamara, Alvin",24.21333333,8453.333333,0.002864353,1
Kansas City,8.3125,2406.25,0.003454545,1
"Kearse, Jermaine",5.721428571,3728.571429,0.001534483,2
"Keenum, Case",15.05625,5212.5,0.002888489,2
"Kelce, Travis",19.4125,6750,0.002875926,1
"Kelley, Rob",0.4,3500,0.000114286,2
"Kelly, Chad",-0.1,4500,-2.22222E-05,2
"Kelly, John",3.025,3850,0.000785714,1
"Kemp, Marcus",0.121428571,3000,4.04762E-05,1
"Kendricks, Lance",2.625,2512.5,0.001044776,2
"Kerley, Jeremy",2.7,3700,0.00072973,2
"Kessler, Cody",8.732,4520,0.001931858,2
"Kirk, Christian",10.29166667,4183.333333,0.002460159,2
"Kirkwood, Keith",5.7375,2925,0.001961538,1
"Kittle, George",16.91875,5318.75,0.003180964,2
"Kizer, DeShone",2.793333333,4533.333333,0.000616176,2
"Koyack, Ben",0,2500,0,2
"Kroft, Tyler",1.52,2680,0.000567164,2
"Kumerow, Jake",4.86,3000,0.00162,2
"Kupp, Cooper",17.2625,5737.5,0.003008715,1
LA Chargers,7,2968.75,0.002357895,1
LA Rams,9.625,3006.25,0.003201663,1
"LaCosse, Matt",3.666666667,2553.333333,0.001436031,2
"LaFell, Brandon",6.25,3433.333333,0.001820388,2
"Landry, Jarvis",14.3825,6456.25,0.002227686,2
"Langford, Jeremy",2.5,3000,0.000833333,2
"Latimer, Cody",6,3083.333333,0.001945946,2
"Lauletta, Kyle",-0.6,2000,-0.0003,2
"Lazard, Allen",1.7,3000,0.000566667,2
"Lee, Khari",0.75,2500,0.0003,2
"Leggett, Jordan",2.093333333,2520,0.000830688,2
"Lengel, Matt",1.07,2500,0.000428,2
"Lewis, Dion",10.10625,4443.75,0.002274262,2
"Lewis, Marcedes",0.43125,2500,0.0001725,2
"Lewis, Tommylee",2.142857143,2571.428571,0.000833333,1
"Lindsay, Phillip",15.45333333,5200,0.002971795,2
"Line, Zach",1.40625,3000,0.00046875,1
"Lockett, Tyler",14.0875,5256.25,0.002680143,1
"Logan, T.J.",1.09,3050,0.000357377,2
"Luck, Andrew",22.8075,5625,0.004054667,1
"Lynch, Marshawn",13.66666667,5116.666667,0.00267101,2
"Mack, Marlon",14.77692308,4538.461538,0.003255932,1
"Madden, Tre",0.414285714,3000,0.000138095,1
"Mahomes II, Patrick",28.8175,6881.25,0.004187829,1
"Malone, Josh",0.244444444,3000,8.14815E-05,2
"Manhertz, Chris",0.825,2500,0.00033,2
"Manning, Eli",16.8725,5137.5,0.003284185,2
"Mannion, Sean",0.006666667,4333.333333,1.53846E-06,1
"Mariota, Marcus",13.70857143,5257.142857,0.002607609,2
"Marquez, Bradley",0,3000,0,2
"Marshall, Brandon",5.1,4000,0.001275,1
"Marshall, Byron",1.316666667,3000,0.000438889,2
"Martin, Doug",8.05625,4118.75,0.001955994,2
"Martino, Freddie",0,3000,0,2
"Matthews, Jordan",4.428571429,2957.142857,0.001497585,1
"Matthews, Rishard",1.057142857,3600,0.000293651,2
"Mayfield, Baker",19.00714286,5564.285714,0.003415918,2
"McCaffrey, Christian",25.28125,8012.5,0.003155226,2
"McCarron, A.J.",0.06,4300,1.39535E-05,2
"McCarron, Riley",-1,3000,-0.000333333,1
"McCloud, Ray-Ray",0.8,3000,0.000266667,2
"McCown, Josh",6.19,4350,0.001422989,2
"McCoy, Colt",10.06,4666.666667,0.002155714,2
"McCoy, LeSean",9.3,5135.714286,0.001810848,2
"McDonald, Vance",9.133333333,3680,0.002481884,2
"McEvoy, Tanner",0,3000,0,2
"McGuire, Elijah",10.9875,3875,0.002835484,2
"McKenzie, Isaiah",7.642857143,3014.285714,0.002535545,2
"McKissic, J.D.",0.16,3000,5.33333E-05,1
"McNichols, Jeremy",0.4,0,#DIV/0!,1
"Meredith, Cameron",4.233333333,3683.333333,0.001149321,1
Miami,7.5,2437.5,0.003076923,2
"Michael, Christine",0.45,3000,0.00015,1
"Michel, Sony",11.7,5223.076923,0.002240059,1
"Mickens, Jaydon",0,3000,0,2
"Miller, Anthony",8.214666667,3973.333333,0.00206745,1
"Miller, Lamar",13.25714286,4921.428571,0.002693759,1
Minnesota,7.75,2856.25,0.002713348,2
"Mixon, Joe",18.24285714,6928.571429,0.00263299,2
"Mizzell, Taquan",2.6,2677.777778,0.000970954,1
"Moncrief, Donte",8.425,4068.75,0.002070661,2
"Montgomery, Ty",5.553846154,3530.769231,0.001572985,1
"Moore, Chris",2.89375,3000,0.000964583,1
"Moore, D.J.",10.1875,4506.25,0.002260749,2
"Moore, David",6.5,3606.25,0.001802426,1
"Moore, J'Mon",0.25,3000,8.33333E-05,2
"Morgan, David",0.781818182,2500,0.000312727,2
"Morris, Alfred",6.008333333,3708.333333,0.001620225,2
"Mostert, Raheem",4.4,3255.555556,0.001351536,2
"Mullens, Nick",17.435,4800,0.003632292,2
"Mundt, Johnny",1.5,2500,0.0006,1
"Murphy, Marcus",3.509090909,3172.727273,0.001106017,2
"Murray, Latavius",8.43125,4468.75,0.001886713,2
"Natson, JoJo",-1,,#DIV/0!,1
"Nelson, J.J.",0.957142857,3078.571429,0.000310905,2
"Nelson, Jordy",10.64666667,4460,0.002387145,2
New England,8.6875,2687.5,0.003232558,1
New Orleans,7,2518.75,0.002779156,1
New York G,5.25,2300,0.002282609,2
New York J,6.8125,2406.25,0.002831169,2
"Newsome, Detrez",1.257142857,3028.571429,0.000415094,1
"Newton, Cam",21.75714286,6257.142857,0.003477169,2
"Nix, Roosevelt",0.5125,3000,0.000170833,2
"Njoku, David",8.99375,3812.5,0.002359016,2
Oakland,2.9375,2187.5,0.001342857,2
"Ogunbowale, Dare",0,3000,0,2
"Olawale, Jamize",0.20625,3000,0.00006875,1
"O'Leary, Nick",2.054545455,2536.363636,0.000810036,2
"Olsen, Greg",8.9,4622.222222,0.001925481,2
"Ortiz, Ricky",0.5125,3000,0.000170833,2
"O'Shaughnessy, James",3.242857143,2528.571429,0.001282486,2
"Osweiler, Brock",10.85428571,4571.428571,0.002374375,2
"Parker, Brian",0.691666667,2500,0.000276667,2
"Parker, DeVante",5.809090909,3863.636364,0.001503529,2
"Pascal, Zach",4.453333333,3173.333333,0.001403361,1
"Patrick, Tim",3.825,3212.5,0.001190661,2
"Patterson, Cordarrelle",6.5,3373.333333,0.001926877,1
"Paul, Niles",3.25,2516.666667,0.001291391,2
"Paulsen, Logan",1.606666667,2500,0.000642667,2
"Peake, Charone",0.346153846,3000,0.000115385,2
"Penny, Elijhaa",1.192307692,3000,0.000397436,2
"Penny, Rashaad",5.242857143,3892.857143,0.001346789,1
"Perine, Samaje",1.34,3040,0.000440789,2
"Perkins, Joshua",1.3,2500,0.00052,1
"Perriman, Breshad",6.22,3030,0.002052805,2
"Perry, Senorise",0,3000,0,2
"Peterman, Nathan",4.945,4075,0.001213497,2
"Peterson, Adrian",12.5,4981.25,0.00250941,2
"Pettis, Dante",8.875,3850,0.002305195,2
Philadelphia,6,2681.25,0.002237762,1
"Phillips, Cam",1.9,3000,0.000633333,2
"Phillips, John",0.85,2500,0.00034,2
Pittsburgh,7.25,2631.25,0.002755344,2
"Powell, Bilal",8.757142857,4571.428571,0.001915625,2
"Powell, Brandon",4.55,3000,0.001516667,2
"Prescott, Dak",19.11625,5331.25,0.003585698,1
"Prosise, C.J.",0.98,3080,0.000318182,1
"Pruitt, MyCole",1.8,2321.428571,0.000775385,2
"Pryor, Terrelle",6.6375,2962.5,0.002240506,2
"Quick, Brian",0.96,3000,0.00032,2
"Quinn, Trey",7.5,2166.666667,0.003461538,2
"Ratley, Damion",2.74,3190,0.000858934,2
"Rawls, Thomas",0,3000,0,2
"Reed, Jordan",9.292307692,4776.923077,0.00194525,2
"Reynolds, Josh",6.666666667,3926.666667,0.001697793,1
"Richard, Jalen",9.9125,3950,0.002509494,2
"Richardson, Paul",8.442857143,4100,0.002059233,2
"Riddick, Theo",8.321428571,4228.571429,0.001967905,2
"Ridley, Calvin",13.175,5193.75,0.002536703,2
"Ridley, Stevan",1.527272727,3700,0.000412776,2
"Rivers, Philip",19.56375,6137.5,0.003187576,1
"Roberts, Andre",2.30625,3056.25,0.000754601,2
"Roberts, Michael",4.625,2500,0.00185,2
"Roberts, Seth",7.126666667,3366.666667,0.002116832,2
"Robinson, Aldrick",5.007142857,2957.142857,0.001693237,2
"Robinson, Allen",12.1,5646.153846,0.002143052,1
"Robinson, Demarcus",4.675,3256.25,0.001435701,1
"Rodgers, Aaron",20.59875,6406.25,0.003215415,2
"Rodgers, Jacquizz",5.4375,3293.75,0.001650854,2
"Rodgers, Richard",0.242857143,2500,9.71429E-05,1
"Roethlisberger, Ben",23.99125,6393.75,0.003752297,2
"Rogers, Chester",7.31875,3387.5,0.002160517,1
"Rogers, Eli",7.166666667,3000,0.002388889,2
"Rosen, Josh",9.422857143,4657.142857,0.002023313,2
"Ross, John",6.530769231,3830.769231,0.001704819,2
"Rudolph, Kyle",9.65,3900,0.002474359,2
"Rush, Cooper",0,4200,0,1
"Ryan, Matt",24.4325,6093.75,0.004009436,2
"Samuel, Curtis",10.6,3853.846154,0.002750499,2
"Samuels, Jaylen",9.25,4220,0.002191943,2
San Francisco,3.6875,2262.5,0.001629834,2
"Sanchez, Mark",1.66,4000,0.000415,2
"Sanders, Emmanuel",17.26833333,6308.333333,0.002737384,2
"Sanu, Mohamed",11.65,4475,0.002603352,2
"Saubert, Eric",0.6125,2500,0.000245,2
"Schaub, Matt",0.366666667,4133.333333,8.87097E-05,2
"Schultz, Dalton",2.36,2500,0.000944,1
"Scott, Boston",0,3000,0,1
"Seals-Jones, Ricky",4.953333333,2906.666667,0.001704128,2
Seattle,7.6875,2687.5,0.002860465,1
"Seferian-Jenkins, Austin",5.2,3120,0.001666667,2
"Shaheen, Adam",2.966666667,2500,0.001186667,1
"Sharpe, Tajae",4.946666667,3326.666667,0.001486974,2
"Shepard, Russell",3.4,3041.666667,0.001117808,2
"Shepard, Sterling",11.78125,4993.75,0.002359199,2
"Sherfield, Trent",6.571428571,3142.857143,0.002090909,2
"Sherman, Anthony",1.4875,3000,0.000495833,1
"Simonson, Scott",1.475,2500,0.00059,2
"Sims, Dion",0.3625,2500,0.000145,1
"Slater, Matthew",0,3000,0,1
"Smallwood, Wendell",7.4,3350,0.002208955,1
"Smith, Alex",14.7,5370,0.00273743,2
"Smith, Geno",-0.096,4420,-2.17195E-05,1
"Smith, Ito",7.515384615,3369.230769,0.002230594,2
"Smith, Jonnu",4.907692308,2761.538462,0.001777159,2
"Smith, Keith",0.45625,3000,0.000152083,2
"Smith, Lee",2.353333333,2500,0.000941333,2
"Smith, Rod",2.10625,4181.25,0.000503737,1
"Smith, Shane",0,2550,0,2
"Smith, Torrey",4.545454545,3372.727273,0.001347709,2
"Smith, Tre'Quan",7.113333333,3906.666667,0.001820819,1
"Smith, Vyncint",3.35,3100,0.001080645,1
"Smith-Schuster, JuJu",20.11875,7325,0.002746587,2
"Smythe, Durham",0.916666667,2500,0.000366667,2
"Snead, Willie",8.4,4006.25,0.002096724,1
"Sprinkle, Jeremy",0.94375,2512.5,0.000375622,2
"Sproles, Darren",10.16666667,3700,0.002747748,1
"St. Brown, Equanimeous",4.936363636,3300,0.001495868,2
"Stafford, Matthew",14.76125,5518.75,0.002674745,2
"Sterling, Neal",2.14,2500,0.000856,2
"Stewart, Jonathan",0.566666667,3800,0.000149123,2
"Stills, Kenny",9.361333333,4586.666667,0.002040988,2
"Stocker, Luke",2.71875,2343.75,0.00116,2
"Streater, Rod",-0.366666667,3000,-0.000122222,2
"Sudfeld, Nate",2.34,4000,0.000585,1
"Sutton, Courtland",8.51875,4000,0.002129688,2
"Swaim, Geoff",6.244444444,2677.777778,0.00233195,1
"Switzer, Ryan",4.3375,3193.75,0.001358121,2
"Swoope, Erik",4.957142857,1785.714286,0.002776,1
"Swoopes, Tyrone",3.3,0,#DIV/0!,1
Tampa Bay,4.25,2156.25,0.001971014,2
"Tannehill, Ryan",14.17818182,5036.363636,0.002815162,2
"Tate, Auden",1.25,3000,0.000416667,2
"Tate, Golden",12.59333333,5646.666667,0.002230224,1
"Taylor, Taywan",7.046153846,3407.692308,0.00206772,2
"Taylor, Trent",3.964285714,3492.857143,0.001134969,2
"Taylor, Tyrod",10.855,5375,0.002019535,2
Tennessee,7.4375,2512.5,0.002960199,2
"Thielen, Adam",20.95625,7912.5,0.002648499,2
"Thomas, De'Anthony",2.5,3180,0.000786164,1
"Thomas, Demaryius",10.64666667,5013.333333,0.00212367,1
"Thomas, Ian",5.08125,2762.5,0.001839367,2
"Thomas, Jordan",4.09375,2675,0.001530374,1
"Thomas, Logan",1.691666667,2508.333333,0.000674419,2
"Thomas, Michael",20.59375,8356.25,0.002464473,1
"Thomas, Roc",1.42,3080,0.000461039,2
"Thompson, Chris",9.16,5080,0.00180315,2
"Thompson, Deonte",2.546153846,3200,0.000795673,1
"Toilolo, Levine",3.33125,2506.25,0.001329177,2
"Tolliver, Jalen",2.233333333,2000,0.001116667,2
"Tomlinson, Eric",1.013333333,2500,0.000405333,2
"Tonyan, Robert",1.77,2500,0.000708,2
"Treadwell, Laquon",4.746666667,3300,0.001438384,2
"Trubisky, Mitchell",20.71571429,5657.142857,0.003661869,1
"Turbin, Robert",0.65,3500,0.000185714,1
"Turner, De'Lance",2.05,3000,0.000683333,1
"Turner, Malik",1,3000,0.000333333,1
"Uzomah, C.J.",6.55625,3162.5,0.002073123,2
"Valdes-Scantling, Marquez",7.3125,4081.25,0.00179173,2
"Valles, Hakeem",1.033333333,2633.333333,0.000392405,2
"Vannett, Nick",4.926666667,2613.333333,0.001885204,1
"Vitale, Dan",0.3,3000,0.0001,2
"Walker, Delanie",9.2,4900,0.001877551,2
"Wallace, Mike",0,4050,0,1
"Waller, Darren",3.9,2500,0.00156,2
"Walton, Mark",0.892857143,3300,0.000270563,2
"Ware, Spencer",6.076923077,4015.384615,0.00151341,1
Washington,7.5,2481.25,0.00302267,2
"Washington, DeAndre",1.24,3120,0.000397436,2
"Washington, Dwayne",1.415384615,2769.230769,0.000511111,1
"Washington, James",3.121428571,3392.857143,0.00092,2
"Watkins, Sammy",12.11,5010,0.002417166,1
"Watson, Ben",5.4375,3093.75,0.001757576,1
"Watson, Deshaun",22.41875,6231.25,0.003597793,1
"Watson, Justin",0.166666667,3000,5.55556E-05,2
"Watt, Derek",0.14375,3000,4.79167E-05,1
"Webb, Joe",0.20625,4000,5.15625E-05,1
"Weeden, Brandon",-0.1,4500,-2.22222E-05,1
"Wentz, Carson",20.15090909,5854.545455,0.003441925,1
"West, Charcandrick",3.866666667,3000,0.001288889,1
"Westbrook, Dede",11.5375,4543.75,0.002539202,2
"Wheaton, Markus",0,3000,0,1
"White, James",17.2875,6075,0.002845679,1
"White, Kevin",1.466666667,3044.444444,0.000481752,1
"White, Tim",1.2,3000,0.0004,1
"Wick, Cole",0,2500,0,2
"Wilds, Brandon",0.5,2000,0.00025,2
"Wilkins, Jordan",3.88125,3281.25,0.001182857,1
"Williams, Chad",4.1,3040,0.001348684,2
"Williams, Damien",6.4125,3431.25,0.001868852,1
"Williams, Darrel",4.025,3400,0.001183824,1
"Williams, David",0.6,3000,0.0002,2
"Williams, Jamaal",7.15,4212.5,0.001697329,2
"Williams, Jonathan",0.366666667,3800,9.64912E-05,1
"Williams, Maxx",2.853846154,2515.384615,0.001134557,1
"Williams, Mike",11.2625,4106.25,0.00274277,1
"Williams, Nick",0.925,2250,0.000411111,1
"Williams, Terrance",1.266666667,3500,0.000361905,1
"Williams, Tyrell",8.9875,4312.5,0.002084058,1
"Willies, Derrick",9.1,3000,0.003033333,2
"Willson, Luke",1.55,2621.428571,0.000591281,2
"Wilson Jr., Jeff",7.733333333,3250,0.002379487,2
"Wilson, Albert",14.25428571,3742.857143,0.003808397,2
"Wilson, Bobo",2.3,3000,0.000766667,2
"Wilson, Russell",19.46375,5925,0.003285021,1
"Wilson, Shaun",1.28,3000,0.000426667,2
"Wims, Javon",1.8,3000,0.0006,1
"Winston, Jameis",20.72545455,5836.363636,0.00355109,2
"Woods, Robert",17.1625,6562.5,0.002615238,1
"Wright, Jarius",6.1625,3300,0.001867424,2
"Yeldon, T.J.",12.43571429,5092.857143,0.002441795,2
"Zenner, Zach",7.1375,2887.5,0.002471861,2
"Zylstra, Brandon",0.275,3000,9.16667E-05,2
Grand Total,7.530971833,3866.573117,0.001947712,1
